timestamp,frame_id,cctv_name,vehicle_id,speed,lane,raw_lane,dwell_time,bbox
2026-04-22 11:13:56,3902,[수원광명선] 광명 구봉산터널,403,2.68,1,1,2.1,"[538, 87, 575, 142]"
2026-04-22 11:13:59,3954,[수원광명선] 광명 구봉산터널,410,0.0,0,0,0.13,"[13, 302, 207, 466]"
2026-04-22 11:14:05,4055,[수원광명선] 광명 구봉산터널,415,1.89,1,1,0.32,"[513, 135, 551, 166]"
2026-04-22 11:14:09,4109,[수원광명선] 광명 구봉산터널,416,18.85,1,1,0.82,"[282, 257, 468, 369]"
2026-04-22 11:14:12,4158,[수원광명선] 광명 구봉산터널,417,6.36,0,0,1.12,"[398, 170, 459, 220]"
2026-04-22 11:14:21,4307,[수원광명선] 광명 구봉산터널,423,17.26,1,1,0.38,"[360, 112, 511, 313]"
2026-04-22 11:14:27,4406,[수원광명선] 광명 구봉산터널,429,0.0,0,0,0.0,"[165, 241, 293, 364]"
2026-04-22 11:14:30,4456,[수원광명선] 광명 구봉산터널,436,8.11,1,1,0.68,"[405, 114, 533, 260]"
2026-04-22 11:14:34,4498,[수원광명선] 광명 구봉산터널,436,3.2,1,1,3.67,"[503, 105, 549, 177]"
2026-04-22 11:14:34,4498,[수원광명선] 광명 구봉산터널,438,18.23,1,1,1.03,"[327, 240, 487, 342]"
2026-04-22 11:14:37,4546,[수원광명선] 광명 구봉산터널,440,0.0,0,0,0.07,"[0, 361, 185, 480]"
2026-04-22 11:14:40,4588,[수원광명선] 광명 구봉산터널,441,10.32,1,1,2.03,"[435, 177, 513, 254]"
2026-04-22 11:14:40,4588,[수원광명선] 광명 구봉산터널,440,8.05,0,0,1.28,"[383, 172, 449, 220]"
2026-04-22 11:14:40,4588,[수원광명선] 광명 구봉산터널,445,0.0,0,0,0.45,"[112, 296, 253, 403]"
2026-04-22 11:14:43,4633,[수원광명선] 광명 구봉산터널,446,1.52,0,0,2.84,"[436, 151, 481, 185]"
2026-04-22 11:14:43,4633,[수원광명선] 광명 구봉산터널,447,0.65,1,1,2.84,"[537, 103, 567, 149]"
2026-04-22 11:14:43,4633,[수원광명선] 광명 구봉산터널,451,0.0,0,0,0.2,"[20, 328, 190, 465]"
2026-04-22 11:14:46,4677,[수원광명선] 광명 구봉산터널,451,5.75,0,0,3.56,"[399, 166, 458, 211]"
2026-04-22 11:14:46,4677,[수원광명선] 광명 구봉산터널,446,3.2,0,0,0.53,"[493, 127, 521, 150]"
2026-04-22 11:14:49,4717,[수원광명선] 광명 구봉산터널,453,20.0,0,0,0.52,"[120, 281, 260, 386]"
2026-04-22 11:14:53,4755,[수원광명선] 광명 구봉산터널,453,7.13,0,0,3.89,"[393, 169, 450, 211]"
2026-04-22 11:14:56,4801,[수원광명선] 광명 구봉산터널,457,7.4,0,0,2.87,"[365, 174, 436, 230]"
2026-04-22 11:14:56,4801,[수원광명선] 광명 구봉산터널,453,1.7,0,0,1.54,"[472, 133, 509, 162]"
2026-04-22 11:14:59,4845,[수원광명선] 광명 구봉산터널,462,0.0,1,1,0.0,"[394, 180, 491, 293]"
2026-04-22 11:15:02,4882,[수원광명선] 광명 구봉산터널,462,4.64,1,1,1.44,"[497, 144, 537, 194]"
2026-04-22 11:15:05,4920,[수원광명선] 광명 구봉산터널,463,14.33,0,0,1.58,"[258, 217, 363, 297]"
2026-04-22 11:15:05,4920,[수원광명선] 광명 구봉산터널,462,3.86,1,1,0.78,"[522, 117, 563, 161]"
2026-04-22 11:15:09,4956,[수원광명선] 광명 구봉산터널,463,4.73,0,0,4.66,"[419, 151, 473, 197]"
2026-04-22 11:15:09,4956,[수원광명선] 광명 구봉산터널,466,17.36,0,0,1.11,"[197, 254, 330, 334]"
2026-04-22 11:15:09,4956,[수원광명선] 광명 구봉산터널,467,0.0,0,0,0.16,"[20, 281, 313, 476]"
2026-04-22 11:15:12,4994,[수원광명선] 광명 구봉산터널,468,8.5,1,1,1.51,"[395, 160, 501, 290]"
2026-04-22 11:15:12,4994,[수원광명선] 광명 구봉산터널,469,0.0,0,0,0.84,"[48, 258, 243, 440]"
2026-04-22 11:15:12,4994,[수원광명선] 광명 구봉산터널,463,3.56,0,0,0.0,"[478, 129, 516, 159]"
2026-04-22 11:15:15,5035,[수원광명선] 광명 구봉산터널,468,3.0,1,1,4.78,"[483, 134, 534, 200]"
2026-04-22 11:15:15,5035,[수원광명선] 광명 구봉산터널,469,5.98,0,0,2.62,"[386, 158, 446, 220]"
2026-04-22 11:15:18,5078,[수원광명선] 광명 구봉산터널,474,3.74,1,1,3.08,"[506, 137, 544, 184]"
2026-04-22 11:15:18,5078,[수원광명선] 광명 구봉산터널,480,6.49,1,1,1.27,"[418, 184, 501, 276]"
2026-04-22 11:15:18,5078,[수원광명선] 광명 구봉산터널,481,0.0,0,0,0.66,"[102, 291, 247, 404]"
2026-04-22 11:15:18,5078,[수원광명선] 광명 구봉산터널,469,3.51,0,0,0.07,"[460, 140, 496, 173]"
2026-04-22 11:15:21,5121,[수원광명선] 광명 구봉산터널,482,0.0,1,1,2.15,"[20, 115, 471, 442]"
2026-04-22 11:15:21,5121,[수원광명선] 광명 구봉산터널,480,1.55,1,1,0.68,"[498, 139, 542, 192]"
2026-04-22 11:15:25,5160,[수원광명선] 광명 구봉산터널,489,2.65,1,1,2.41,"[502, 151, 544, 188]"
2026-04-22 11:15:25,5160,[수원광명선] 광명 구봉산터널,482,0.0,1,1,2.41,"[25, 123, 467, 428]"
2026-04-22 11:15:25,5160,[수원광명선] 광명 구봉산터널,480,2.32,1,1,0.75,"[515, 82, 570, 157]"
2026-04-22 11:15:25,5160,[수원광명선] 광명 구봉산터널,490,1.84,0,0,0.68,"[459, 133, 502, 169]"
2026-04-22 11:15:28,5201,[수원광명선] 광명 구봉산터널,482,4.27,1,1,2.55,"[423, 97, 536, 233]"
2026-04-22 11:15:28,5201,[수원광명선] 광명 구봉산터널,480,4.12,1,1,1.01,"[522, 80, 571, 147]"
2026-04-22 11:15:31,5243,[수원광명선] 광명 구봉산터널,480,2.18,1,1,2.12,"[541, 89, 579, 139]"
2026-04-22 11:15:31,5243,[수원광명선] 광명 구봉산터널,511,4.4,0,0,1.88,"[410, 155, 468, 204]"
2026-04-22 11:15:31,5243,[수원광명선] 광명 구봉산터널,512,2.55,0,0,1.88,"[466, 136, 501, 169]"
2026-04-22 11:15:31,5243,[수원광명선] 광명 구봉산터널,513,5.8,1,1,0.0,"[509, 117, 556, 165]"
2026-04-22 11:15:35,5280,[수원광명선] 광명 구봉산터널,526,11.45,1,1,1.7,"[354, 220, 489, 325]"
2026-04-22 11:15:35,5280,[수원광명선] 광명 구봉산터널,511,1.38,0,0,1.45,"[462, 130, 506, 170]"
2026-04-22 11:15:35,5280,[수원광명선] 광명 구봉산터널,521,5.69,0,0,0.09,"[336, 182, 428, 251]"
2026-04-22 11:15:38,5316,[수원광명선] 광명 구봉산터널,536,2.8,0,0,0.55,"[294, 208, 388, 282]"
2026-04-22 11:15:38,5316,[수원광명선] 광명 구봉산터널,537,2.98,0,0,0.55,"[469, 129, 508, 165]"
2026-04-22 11:15:38,5316,[수원광명선] 광명 구봉산터널,521,1.52,1,1,0.62,"[514, 108, 559, 163]"
2026-04-22 11:15:41,5360,[수원광명선] 광명 구봉산터널,536,3.91,0,0,4.08,"[444, 146, 486, 182]"
2026-04-22 11:15:44,5398,[수원광명선] 광명 구봉산터널,536,4.68,0,0,0.8,"[485, 125, 517, 154]"
2026-04-22 11:15:47,5435,[수원광명선] 광명 구봉산터널,540,4.05,0,0,2.24,"[449, 139, 492, 179]"
2026-04-22 11:15:53,5511,[수원광명선] 광명 구봉산터널,546,2.39,1,1,1.77,"[490, 102, 547, 189]"
2026-04-22 11:15:53,5511,[수원광명선] 광명 구봉산터널,548,0.0,1,1,1.62,"[1, 130, 475, 449]"
2026-04-22 11:15:53,5511,[수원광명선] 광명 구봉산터널,550,0.0,1,1,0.08,"[0, 2, 470, 456]"
2026-04-22 11:15:57,5548,[수원광명선] 광명 구봉산터널,546,2.07,1,1,5.02,"[504, 88, 560, 164]"
2026-04-22 11:15:57,5548,[수원광명선] 광명 구봉산터널,553,6.05,1,1,0.7,"[382, 114, 527, 276]"
2026-04-22 11:16:00,5580,[수원광명선] 광명 구봉산터널,553,5.09,1,1,3.75,"[452, 138, 514, 228]"
2026-04-22 11:16:00,5580,[수원광명선] 광명 구봉산터널,554,0.0,0,0,0.07,"[391, 167, 449, 213]"
2026-04-22 11:16:03,5613,[수원광명선] 광명 구봉산터널,553,4.33,1,1,6.75,"[496, 122, 538, 185]"
2026-04-22 11:16:03,5613,[수원광명선] 광명 구봉산터널,559,0.0,0,0,1.58,"[43, 203, 378, 444]"
2026-04-22 11:16:03,5613,[수원광명선] 광명 구봉산터널,557,0.43,1,1,0.99,"[543, 92, 576, 143]"
2026-04-22 11:16:03,5613,[수원광명선] 광명 구봉산터널,554,4.12,0,0,0.38,"[459, 136, 503, 172]"
2026-04-22 11:16:06,5651,[수원광명선] 광명 구봉산터널,553,1.61,1,1,9.99,"[518, 110, 552, 161]"
2026-04-22 11:16:06,5651,[수원광명선] 광명 구봉산터널,568,6.17,1,1,1.06,"[430, 169, 501, 255]"
2026-04-22 11:16:06,5651,[수원광명선] 광명 구봉산터널,557,3.39,1,1,0.33,"[549, 93, 578, 136]"
2026-04-22 11:16:09,5695,[수원광명선] 광명 구봉산터널,585,4.14,1,1,2.11,"[479, 165, 527, 210]"
2026-04-22 11:16:09,5695,[수원광명선] 광명 구봉산터널,553,3.21,1,1,2.11,"[526, 100, 563, 152]"
2026-04-22 11:16:09,5695,[수원광명선] 광명 구봉산터널,588,0.0,1,1,0.08,"[104, 363, 378, 475]"
2026-04-22 11:16:13,5732,[수원광명선] 광명 구봉산터널,585,1.59,1,1,5.17,"[510, 135, 547, 175]"
2026-04-22 11:16:13,5732,[수원광명선] 광명 구봉산터널,553,2.98,1,1,5.17,"[539, 98, 570, 139]"
2026-04-22 11:16:13,5732,[수원광명선] 광명 구봉산터널,588,7.99,1,1,3.15,"[418, 202, 503, 272]"
2026-04-22 11:16:13,5732,[수원광명선] 광명 구봉산터널,591,11.85,0,0,1.06,"[259, 143, 407, 284]"
2026-04-22 11:16:13,5732,[수원광명선] 광명 구봉산터널,598,0.0,0,0,0.76,"[81, 292, 262, 404]"
2026-04-22 11:16:16,5771,[수원광명선] 광명 구봉산터널,601,5.36,1,1,0.94,"[465, 105, 541, 223]"
2026-04-22 11:16:16,5771,[수원광명선] 광명 구봉산터널,602,0.0,0,0,0.94,"[32, 210, 387, 423]"
2026-04-22 11:16:19,5809,[수원광명선] 광명 구봉산터널,601,4.41,1,1,4.05,"[502, 98, 554, 179]"
2026-04-22 11:16:19,5809,[수원광명선] 광명 구봉산터널,606,5.41,1,1,2.67,"[424, 149, 499, 249]"
2026-04-22 11:16:22,5846,[수원광명선] 광명 구봉산터널,601,1.4,1,1,7.03,"[519, 93, 562, 162]"
2026-04-22 11:16:22,5846,[수원광명선] 광명 구봉산터널,606,3.17,1,1,5.65,"[483, 130, 529, 197]"
2026-04-22 11:16:22,5846,[수원광명선] 광명 구봉산터널,611,8.06,0,0,2.81,"[333, 199, 401, 257]"
2026-04-22 11:16:25,5885,[수원광명선] 광명 구봉산터널,612,4.66,0,0,3.12,"[385, 163, 451, 219]"
2026-04-22 11:16:25,5885,[수원광명선] 광명 구봉산터널,613,1.32,0,0,3.12,"[469, 133, 508, 167]"
2026-04-22 11:16:25,5885,[수원광명선] 광명 구봉산터널,627,0.0,0,0,0.73,"[49, 294, 245, 427]"
2026-04-22 11:16:28,5897,[수원광명선] 광명 구봉산터널,612,3.7,0,0,4.26,"[412, 153, 467, 203]"
2026-04-22 11:16:28,5897,[수원광명선] 광명 구봉산터널,613,2.71,0,0,4.26,"[479, 127, 514, 158]"
2026-04-22 11:16:28,5897,[수원광명선] 광명 구봉산터널,627,13.25,0,0,1.87,"[207, 243, 337, 332]"
2026-04-22 11:16:32,27,[수도권제2순환선(봉담동탄)] 필봉산터널(동탄),1,2.94,,,1.63,"[189, 173, 356, 279]"
2026-04-22 11:16:32,27,[수도권제2순환선(봉담동탄)] 필봉산터널(동탄),2,2.22,,,1.63,"[379, 125, 468, 180]"
2026-04-22 11:16:32,27,[수도권제2순환선(봉담동탄)] 필봉산터널(동탄),3,5.06,,,1.63,"[346, 171, 505, 301]"
2026-04-22 11:16:32,27,[수도권제2순환선(봉담동탄)] 필봉산터널(동탄),4,3.91,,,1.63,"[508, 140, 582, 209]"
2026-04-22 11:16:32,27,[수도권제2순환선(봉담동탄)] 필봉산터널(동탄),5,3.83,,,1.63,"[530, 67, 601, 162]"
2026-04-22 11:16:32,27,[수도권제2순환선(봉담동탄)] 필봉산터널(동탄),6,1.21,,,1.63,"[595, 40, 650, 115]"
2026-04-22 11:16:35,72,[수도권제2순환선(봉담동탄)] 필봉산터널(동탄),1,2.38,,,4.66,"[262, 156, 400, 244]"
2026-04-22 11:16:35,72,[수도권제2순환선(봉담동탄)] 필봉산터널(동탄),2,1.01,,,4.66,"[413, 116, 490, 162]"
2026-04-22 11:16:35,72,[수도권제2순환선(봉담동탄)] 필봉산터널(동탄),3,1.83,,,4.66,"[413, 150, 532, 256]"
2026-04-22 11:16:35,72,[수도권제2순환선(봉담동탄)] 필봉산터널(동탄),4,0.57,,,4.66,"[532, 128, 594, 188]"
2026-04-22 11:16:35,72,[수도권제2순환선(봉담동탄)] 필봉산터널(동탄),5,1.84,,,4.66,"[542, 72, 602, 141]"
2026-04-22 11:16:35,72,[수도권제2순환선(봉담동탄)] 필봉산터널(동탄),6,0.02,,,4.66,"[596, 40, 652, 115]"
2026-04-22 11:16:35,72,[수도권제2순환선(봉담동탄)] 필봉산터널(동탄),27,0.0,,,0.67,"[0, 335, 307, 476]"
2026-04-22 11:16:38,105,[수도권제2순환선(봉담동탄)] 필봉산터널(동탄),1,1.94,0,0,7.96,"[303, 145, 427, 226]"
2026-04-22 11:16:38,105,[수도권제2순환선(봉담동탄)] 필봉산터널(동탄),2,3.33,0,0,7.96,"[426, 109, 491, 154]"
2026-04-22 11:16:38,105,[수도권제2순환선(봉담동탄)] 필봉산터널(동탄),3,0.8,2,2,7.96,"[436, 146, 544, 241]"
2026-04-22 11:16:38,105,[수도권제2순환선(봉담동탄)] 필봉산터널(동탄),4,0.26,2,2,7.96,"[539, 124, 599, 182]"
2026-04-22 11:16:38,105,[수도권제2순환선(봉담동탄)] 필봉산터널(동탄),5,0.39,2,2,7.96,"[544, 64, 607, 143]"
2026-04-22 11:16:38,105,[수도권제2순환선(봉담동탄)] 필봉산터널(동탄),6,0.75,2,2,7.96,"[597, 39, 652, 118]"
2026-04-22 11:16:38,105,[수도권제2순환선(봉담동탄)] 필봉산터널(동탄),27,0.0,1,1,3.97,"[138, 248, 430, 431]"
2026-04-22 11:16:38,105,[수도권제2순환선(봉담동탄)] 필봉산터널(동탄),33,0.0,0,0,1.19,"[0, 237, 193, 409]"
2026-04-22 11:16:38,105,[수도권제2순환선(봉담동탄)] 필봉산터널(동탄),41,0.86,2,2,0.06,"[539, 68, 601, 181]"
2026-04-22 11:16:41,143,[수도권제2순환선(봉담동탄)] 필봉산터널(동탄),1,1.24,0,0,11.14,"[342, 135, 449, 207]"
2026-04-22 11:16:41,143,[수도권제2순환선(봉담동탄)] 필봉산터널(동탄),2,4.38,0,0,11.14,"[441, 108, 511, 155]"
2026-04-22 11:16:41,143,[수도권제2순환선(봉담동탄)] 필봉산터널(동탄),3,0.77,2,2,11.14,"[452, 142, 551, 226]"
2026-04-22 11:16:41,143,[수도권제2순환선(봉담동탄)] 필봉산터널(동탄),4,0.23,2,2,11.14,"[544, 120, 601, 178]"
2026-04-22 11:16:41,143,[수도권제2순환선(봉담동탄)] 필봉산터널(동탄),5,1.07,2,2,11.14,"[551, 60, 613, 131]"
2026-04-22 11:16:41,143,[수도권제2순환선(봉담동탄)] 필봉산터널(동탄),6,1.6,2,2,11.14,"[602, 40, 650, 113]"
2026-04-22 11:16:41,143,[수도권제2순환선(봉담동탄)] 필봉산터널(동탄),27,0.0,1,1,7.15,"[282, 210, 454, 363]"
2026-04-22 11:16:41,143,[수도권제2순환선(봉담동탄)] 필봉산터널(동탄),33,0.0,0,0,4.37,"[24, 205, 249, 355]"
2026-04-22 11:16:44,181,[수도권제2순환선(봉담동탄)] 필봉산터널(동탄),1,1.18,0,0,14.36,"[377, 127, 462, 194]"
2026-04-22 11:16:44,181,[수도권제2순환선(봉담동탄)] 필봉산터널(동탄),2,1.51,0,0,14.36,"[457, 104, 521, 146]"
2026-04-22 11:16:44,181,[수도권제2순환선(봉담동탄)] 필봉산터널(동탄),3,0.24,2,2,14.36,"[463, 135, 557, 218]"
2026-04-22 11:16:44,181,[수도권제2순환선(봉담동탄)] 필봉산터널(동탄),4,1.33,2,2,14.36,"[549, 120, 603, 174]"
2026-04-22 11:16:44,181,[수도권제2순환선(봉담동탄)] 필봉산터널(동탄),6,1.02,2,2,14.36,"[604, 40, 651, 112]"
2026-04-22 11:16:44,181,[수도권제2순환선(봉담동탄)] 필봉산터널(동탄),27,1.55,1,1,10.37,"[337, 196, 480, 326]"
2026-04-22 11:16:44,181,[수도권제2순환선(봉담동탄)] 필봉산터널(동탄),33,2.08,0,0,7.59,"[95, 184, 300, 317]"
2026-04-22 11:16:44,181,[수도권제2순환선(봉담동탄)] 필봉산터널(동탄),5,0.66,2,2,0.82,"[558, 66, 613, 123]"
2026-04-22 11:16:47,220,[수도권제2순환선(봉담동탄)] 필봉산터널(동탄),1,0.96,0,0,17.71,"[407, 120, 490, 181]"
2026-04-22 11:16:47,220,[수도권제2순환선(봉담동탄)] 필봉산터널(동탄),2,1.58,0,0,17.71,"[473, 98, 533, 137]"
2026-04-22 11:16:47,220,[수도권제2순환선(봉담동탄)] 필봉산터널(동탄),3,0.95,2,2,17.71,"[477, 131, 563, 209]"
2026-04-22 11:16:47,220,[수도권제2순환선(봉담동탄)] 필봉산터널(동탄),4,0.09,2,2,17.71,"[552, 116, 609, 170]"
2026-04-22 11:16:47,220,[수도권제2순환선(봉담동탄)] 필봉산터널(동탄),6,0.45,2,2,17.71,"[596, 42, 648, 112]"
2026-04-22 11:16:47,220,[수도권제2순환선(봉담동탄)] 필봉산터널(동탄),27,0.25,1,1,13.73,"[362, 183, 494, 306]"
2026-04-22 11:16:47,220,[수도권제2순환선(봉담동탄)] 필봉산터널(동탄),33,2.26,0,0,10.95,"[168, 172, 340, 285]"
2026-04-22 11:16:47,220,[수도권제2순환선(봉담동탄)] 필봉산터널(동탄),5,4.96,2,2,4.18,"[560, 63, 620, 124]"
2026-04-22 11:16:47,220,[수도권제2순환선(봉담동탄)] 필봉산터널(동탄),61,0.0,0,0,0.79,"[9, 269, 133, 395]"
2026-04-22 11:16:47,220,[수도권제2순환선(봉담동탄)] 필봉산터널(동탄),57,1.24,2,2,0.09,"[563, 48, 636, 127]"
2026-04-22 11:16:51,255,[수도권제2순환선(봉담동탄)] 필봉산터널(동탄),1,0.8,0,0,20.7,"[429, 114, 494, 166]"
2026-04-22 11:16:51,255,[수도권제2순환선(봉담동탄)] 필봉산터널(동탄),2,1.87,0,0,20.7,"[488, 95, 541, 132]"
2026-04-22 11:16:51,255,[수도권제2순환선(봉담동탄)] 필봉산터널(동탄),3,1.16,2,2,20.7,"[490, 129, 570, 197]"
2026-04-22 11:16:51,255,[수도권제2순환선(봉담동탄)] 필봉산터널(동탄),4,0.73,2,2,20.7,"[559, 112, 609, 164]"
2026-04-22 11:16:51,255,[수도권제2순환선(봉담동탄)] 필봉산터널(동탄),27,1.54,1,1,16.71,"[384, 174, 505, 286]"
2026-04-22 11:16:51,255,[수도권제2순환선(봉담동탄)] 필봉산터널(동탄),33,1.39,0,0,13.93,"[225, 160, 369, 257]"
2026-04-22 11:16:51,255,[수도권제2순환선(봉담동탄)] 필봉산터널(동탄),57,0.48,2,2,3.08,"[563, 56, 625, 134]"
2026-04-22 11:16:51,255,[수도권제2순환선(봉담동탄)] 필봉산터널(동탄),66,0.0,0,0,1.56,"[4, 229, 200, 403]"
2026-04-22 11:16:51,255,[수도권제2순환선(봉담동탄)] 필봉산터널(동탄),6,0.13,2,2,1.56,"[608, 46, 650, 106]"
2026-04-22 11:16:54,290,[수도권제2순환선(봉담동탄)] 필봉산터널(동탄),1,0.15,0,0,23.78,"[450, 109, 510, 158]"
2026-04-22 11:16:54,290,[수도권제2순환선(봉담동탄)] 필봉산터널(동탄),2,0.05,0,0,23.78,"[498, 87, 551, 128]"
2026-04-22 11:16:54,290,[수도권제2순환선(봉담동탄)] 필봉산터널(동탄),3,0.8,2,2,23.78,"[501, 121, 577, 189]"
2026-04-22 11:16:54,290,[수도권제2순환선(봉담동탄)] 필봉산터널(동탄),4,0.08,2,2,23.78,"[557, 109, 610, 160]"
2026-04-22 11:16:54,290,[수도권제2순환선(봉담동탄)] 필봉산터널(동탄),27,0.81,2,2,19.79,"[409, 165, 518, 267]"
2026-04-22 11:16:54,290,[수도권제2순환선(봉담동탄)] 필봉산터널(동탄),33,2.29,0,0,17.01,"[270, 148, 400, 237]"
2026-04-22 11:16:54,290,[수도권제2순환선(봉담동탄)] 필봉산터널(동탄),66,7.9,0,0,4.63,"[22, 209, 247, 340]"
2026-04-22 11:16:54,290,[수도권제2순환선(봉담동탄)] 필봉산터널(동탄),71,0.0,1,1,2.01,"[0, 265, 298, 462]"
2026-04-22 11:16:54,290,[수도권제2순환선(봉담동탄)] 필봉산터널(동탄),6,2.81,2,2,1.07,"[600, 40, 653, 109]"
2026-04-22 11:16:54,290,[수도권제2순환선(봉담동탄)] 필봉산터널(동탄),57,0.48,2,2,1.07,"[567, 59, 622, 129]"
2026-04-22 11:16:54,290,[수도권제2순환선(봉담동탄)] 필봉산터널(동탄),73,1.01,2,2,0.81,"[565, 70, 619, 142]"
2026-04-22 11:16:57,325,[수도권제2순환선(봉담동탄)] 필봉산터널(동탄),1,2.0,0,0,26.77,"[471, 102, 525, 147]"
2026-04-22 11:16:57,325,[수도권제2순환선(봉담동탄)] 필봉산터널(동탄),3,0.14,2,2,26.77,"[509, 116, 580, 185]"
2026-04-22 11:16:57,325,[수도권제2순환선(봉담동탄)] 필봉산터널(동탄),27,1.1,2,2,22.78,"[432, 157, 530, 250]"
2026-04-22 11:16:57,325,[수도권제2순환선(봉담동탄)] 필봉산터널(동탄),33,2.69,0,0,20.0,"[326, 136, 435, 210]"
2026-04-22 11:16:57,325,[수도권제2순환선(봉담동탄)] 필봉산터널(동탄),66,2.68,0,0,7.62,"[107, 187, 315, 294]"
2026-04-22 11:16:57,325,[수도권제2순환선(봉담동탄)] 필봉산터널(동탄),80,0.0,1,1,2.63,"[0, 275, 338, 478]"
2026-04-22 11:16:57,325,[수도권제2순환선(봉담동탄)] 필봉산터널(동탄),4,0.56,2,2,2.36,"[563, 92, 617, 156]"
2026-04-22 11:16:57,325,[수도권제2순환선(봉담동탄)] 필봉산터널(동탄),77,2.09,2,2,0.77,"[567, 72, 619, 146]"
2026-04-22 11:16:57,325,[수도권제2순환선(봉담동탄)] 필봉산터널(동탄),2,0.73,0,0,0.26,"[519, 84, 569, 120]"
2026-04-22 11:17:00,350,[수도권제2순환선(봉담동탄)] 필봉산터널(동탄),1,1.89,0,0,28.93,"[485, 97, 531, 139]"
2026-04-22 11:17:00,350,[수도권제2순환선(봉담동탄)] 필봉산터널(동탄),3,0.81,2,2,28.93,"[515, 115, 582, 182]"
2026-04-22 11:17:00,350,[수도권제2순환선(봉담동탄)] 필봉산터널(동탄),27,0.76,2,2,24.94,"[446, 150, 541, 239]"
2026-04-22 11:17:00,350,[수도권제2순환선(봉담동탄)] 필봉산터널(동탄),33,2.51,0,0,22.16,"[358, 130, 457, 197]"
2026-04-22 11:17:00,350,[수도권제2순환선(봉담동탄)] 필봉산터널(동탄),66,3.58,0,0,9.78,"[164, 172, 348, 263]"
2026-04-22 11:17:00,350,[수도권제2순환선(봉담동탄)] 필봉산터널(동탄),80,0.0,1,1,4.79,"[3, 237, 371, 459]"
2026-04-22 11:17:00,350,[수도권제2순환선(봉담동탄)] 필봉산터널(동탄),4,1.15,2,2,4.52,"[568, 93, 619, 153]"
2026-04-22 11:17:00,350,[수도권제2순환선(봉담동탄)] 필봉산터널(동탄),2,0.08,0,0,2.41,"[524, 85, 574, 119]"
2026-04-22 11:17:00,350,[수도권제2순환선(봉담동탄)] 필봉산터널(동탄),77,2.53,2,2,1.73,"[568, 70, 620, 143]"
2026-04-22 11:17:00,350,[수도권제2순환선(봉담동탄)] 필봉산터널(동탄),57,0.43,2,2,1.73,"[593, 48, 638, 112]"
2026-04-22 11:17:03,385,[수도권제2순환선(봉담동탄)] 필봉산터널(동탄),1,0.29,0,0,32.88,"[502, 91, 544, 135]"
2026-04-22 11:17:03,385,[수도권제2순환선(봉담동탄)] 필봉산터널(동탄),3,0.68,2,2,32.88,"[521, 112, 584, 176]"
2026-04-22 11:17:03,385,[수도권제2순환선(봉담동탄)] 필봉산터널(동탄),27,0.69,2,2,28.9,"[463, 146, 548, 227]"
2026-04-22 11:17:03,385,[수도권제2순환선(봉담동탄)] 필봉산터널(동탄),33,2.31,0,0,26.12,"[396, 119, 479, 179]"
2026-04-22 11:17:03,385,[수도권제2순환선(봉담동탄)] 필봉산터널(동탄),66,0.74,0,0,13.74,"[233, 157, 392, 235]"
2026-04-22 11:17:03,385,[수도권제2순환선(봉담동탄)] 필봉산터널(동탄),80,0.0,1,1,8.75,"[102, 218, 433, 427]"
2026-04-22 11:17:03,385,[수도권제2순환선(봉담동탄)] 필봉산터널(동탄),4,0.14,2,2,8.47,"[573, 79, 622, 150]"
2026-04-22 11:17:03,385,[수도권제2순환선(봉담동탄)] 필봉산터널(동탄),2,1.04,0,0,6.37,"[537, 82, 582, 116]"
2026-04-22 11:17:03,385,[수도권제2순환선(봉담동탄)] 필봉산터널(동탄),77,0.92,2,2,5.69,"[574, 73, 620, 133]"
2026-04-22 11:17:03,385,[수도권제2순환선(봉담동탄)] 필봉산터널(동탄),99,0.0,0,0,0.64,"[17, 227, 149, 372]"
2026-04-22 11:17:03,385,[수도권제2순환선(봉담동탄)] 필봉산터널(동탄),57,0.42,2,2,0.39,"[592, 51, 640, 117]"
2026-04-22 11:17:06,420,[수도권제2순환선(봉담동탄)] 필봉산터널(동탄),1,0.07,0,0,35.99,"[520, 87, 564, 128]"
2026-04-22 11:17:06,420,[수도권제2순환선(봉담동탄)] 필봉산터널(동탄),3,0.11,2,2,35.99,"[532, 112, 591, 171]"
2026-04-22 11:17:06,420,[수도권제2순환선(봉담동탄)] 필봉산터널(동탄),27,0.78,2,2,32.0,"[479, 144, 553, 217]"
2026-04-22 11:17:06,420,[수도권제2순환선(봉담동탄)] 필봉산터널(동탄),33,4.29,0,0,29.22,"[433, 112, 497, 164]"
2026-04-22 11:17:06,420,[수도권제2순환선(봉담동탄)] 필봉산터널(동탄),66,1.99,0,0,16.84,"[298, 143, 427, 211]"
2026-04-22 11:17:06,420,[수도권제2순환선(봉담동탄)] 필봉산터널(동탄),80,0.0,1,1,11.86,"[199, 198, 448, 401]"
2026-04-22 11:17:06,420,[수도권제2순환선(봉담동탄)] 필봉산터널(동탄),99,4.43,0,0,3.75,"[38, 192, 240, 337]"
2026-04-22 11:17:06,420,[수도권제2순환선(봉담동탄)] 필봉산터널(동탄),106,3.32,2,2,2.16,"[625, 50, 657, 100]"
2026-04-22 11:17:06,420,[수도권제2순환선(봉담동탄)] 필봉산터널(동탄),119,0.0,2,2,0.41,"[579, 69, 630, 127]"
2026-04-22 11:17:09,454,[수도권제2순환선(봉담동탄)] 필봉산터널(동탄),3,0.95,2,2,39.06,"[539, 121, 590, 171]"
2026-04-22 11:17:09,454,[수도권제2순환선(봉담동탄)] 필봉산터널(동탄),27,2.45,2,2,35.07,"[448, 136, 547, 226]"
2026-04-22 11:17:09,454,[수도권제2순환선(봉담동탄)] 필봉산터널(동탄),33,1.56,0,0,32.29,"[458, 99, 519, 148]"
2026-04-22 11:17:09,454,[수도권제2순환선(봉담동탄)] 필봉산터널(동탄),80,6.44,1,1,14.92,"[259, 146, 481, 341]"
2026-04-22 11:17:09,454,[수도권제2순환선(봉담동탄)] 필봉산터널(동탄),127,0.0,1,1,1.58,"[0, 167, 322, 479]"
2026-04-22 11:17:09,454,[수도권제2순환선(봉담동탄)] 필봉산터널(동탄),118,1.4,2,2,0.53,"[567, 100, 608, 145]"
2026-04-22 11:17:09,454,[수도권제2순환선(봉담동탄)] 필봉산터널(동탄),139,0.0,0,0,0.28,"[513, 90, 556, 127]"
2026-04-22 11:17:09,454,[수도권제2순환선(봉담동탄)] 필봉산터널(동탄),141,0.0,2,2,0.28,"[595, 69, 636, 116]"
2026-04-22 11:17:09,454,[수도권제2순환선(봉담동탄)] 필봉산터널(동탄),2,2.11,0,0,0.36,"[557, 80, 590, 109]"
2026-04-22 11:17:09,454,[수도권제2순환선(봉담동탄)] 필봉산터널(동탄),137,4.58,0,0,0.36,"[102, 203, 238, 316]"
2026-04-22 11:17:09,454,[수도권제2순환선(봉담동탄)] 필봉산터널(동탄),66,2.91,0,0,0.28,"[320, 142, 440, 212]"
2026-04-22 11:17:12,491,[수도권제2순환선(봉담동탄)] 필봉산터널(동탄),3,0.02,2,2,42.28,"[541, 119, 591, 169]"
2026-04-22 11:17:12,491,[수도권제2순환선(봉담동탄)] 필봉산터널(동탄),27,0.42,2,2,38.29,"[456, 137, 559, 214]"
2026-04-22 11:17:12,491,[수도권제2순환선(봉담동탄)] 필봉산터널(동탄),33,0.6,0,0,35.51,"[484, 89, 540, 140]"
2026-04-22 11:17:12,491,[수도권제2순환선(봉담동탄)] 필봉산터널(동탄),80,4.81,1,1,18.14,"[337, 171, 490, 296]"
2026-04-22 11:17:12,491,[수도권제2순환선(봉담동탄)] 필봉산터널(동탄),127,0.0,1,1,4.8,"[8, 109, 297, 473]"
2026-04-22 11:17:12,491,[수도권제2순환선(봉담동탄)] 필봉산터널(동탄),118,0.0,2,2,3.75,"[570, 104, 611, 144]"
2026-04-22 11:17:12,491,[수도권제2순환선(봉담동탄)] 필봉산터널(동탄),137,4.01,0,0,3.58,"[235, 161, 360, 255]"
2026-04-22 11:17:12,491,[수도권제2순환선(봉담동탄)] 필봉산터널(동탄),66,4.91,0,0,0.44,"[402, 123, 483, 186]"
2026-04-22 11:17:15,526,[수도권제2순환선(봉담동탄)] 필봉산터널(동탄),3,0.93,2,2,45.34,"[546, 111, 593, 165]"
2026-04-22 11:17:15,526,[수도권제2순환선(봉담동탄)] 필봉산터널(동탄),27,0.83,2,2,41.35,"[468, 136, 563, 207]"
2026-04-22 11:17:15,526,[수도권제2순환선(봉담동탄)] 필봉산터널(동탄),33,0.16,0,0,38.57,"[508, 86, 555, 128]"
2026-04-22 11:17:15,526,[수도권제2순환선(봉담동탄)] 필봉산터널(동탄),80,2.98,2,2,21.2,"[371, 169, 512, 274]"
2026-04-22 11:17:15,526,[수도권제2순환선(봉담동탄)] 필봉산터널(동탄),127,0.0,1,1,7.86,"[10, 99, 362, 431]"
2026-04-22 11:17:15,526,[수도권제2순환선(봉담동탄)] 필봉산터널(동탄),118,1.09,2,2,6.81,"[573, 100, 614, 141]"
2026-04-22 11:17:15,526,[수도권제2순환선(봉담동탄)] 필봉산터널(동탄),141,0.77,2,2,1.98,"[598, 71, 639, 119]"
2026-04-22 11:17:15,526,[수도권제2순환선(봉담동탄)] 필봉산터널(동탄),137,7.03,0,0,0.08,"[324, 135, 428, 209]"
2026-04-22 11:17:18,564,[수도권제2순환선(봉담동탄)] 필봉산터널(동탄),27,2.14,2,2,44.65,"[514, 113, 586, 177]"
2026-04-22 11:17:18,564,[수도권제2순환선(봉담동탄)] 필봉산터널(동탄),80,1.02,2,2,24.5,"[437, 142, 540, 239]"
2026-04-22 11:17:18,564,[수도권제2순환선(봉담동탄)] 필봉산터널(동탄),127,0.0,1,1,11.16,"[74, 3, 465, 430]"
2026-04-22 11:17:18,564,[수도권제2순환선(봉담동탄)] 필봉산터널(동탄),118,0.65,2,2,10.11,"[571, 101, 609, 142]"
2026-04-22 11:17:18,564,[수도권제2순환선(봉담동탄)] 필봉산터널(동탄),66,3.89,0,0,2.02,"[505, 86, 556, 132]"
2026-04-22 11:17:22,605,[수도권제2순환선(봉담동탄)] 필봉산터널(동탄),27,0.41,2,2,48.13,"[526, 108, 589, 170]"
2026-04-22 11:17:22,605,[수도권제2순환선(봉담동탄)] 필봉산터널(동탄),80,1.01,2,2,27.98,"[453, 134, 552, 219]"
2026-04-22 11:17:22,605,[수도권제2순환선(봉담동탄)] 필봉산터널(동탄),118,0.15,2,2,13.59,"[580, 97, 614, 136]"
2026-04-22 11:17:22,605,[수도권제2순환선(봉담동탄)] 필봉산터널(동탄),137,2.33,0,0,3.19,"[453, 75, 519, 152]"
2026-04-22 11:17:22,605,[수도권제2순환선(봉담동탄)] 필봉산터널(동탄),162,4.5,2,2,0.47,"[590, 87, 632, 125]"
2026-04-22 11:17:22,605,[수도권제2순환선(봉담동탄)] 필봉산터널(동탄),164,0.0,1,1,0.39,"[9, 1, 447, 431]"
2026-04-22 11:17:22,605,[수도권제2순환선(봉담동탄)] 필봉산터널(동탄),167,0.0,2,2,0.0,"[596, 84, 635, 121]"
2026-04-22 11:17:22,605,[수도권제2순환선(봉담동탄)] 필봉산터널(동탄),66,0.99,0,0,0.08,"[532, 82, 574, 118]"
2026-04-22 11:17:25,644,[수도권제2순환선(봉담동탄)] 필봉산터널(동탄),27,0.18,2,2,51.47,"[512, 111, 577, 176]"
2026-04-22 11:17:25,644,[수도권제2순환선(봉담동탄)] 필봉산터널(동탄),137,2.2,0,0,6.54,"[493, 92, 539, 134]"
2026-04-22 11:17:25,644,[수도권제2순환선(봉담동탄)] 필봉산터널(동탄),164,0.0,1,1,3.73,"[16, 26, 479, 434]"
2026-04-22 11:17:25,644,[수도권제2순환선(봉담동탄)] 필봉산터널(동탄),162,0.36,2,2,1.16,"[566, 96, 611, 146]"
2026-04-22 11:17:25,644,[수도권제2순환선(봉담동탄)] 필봉산터널(동탄),177,0.44,2,2,0.54,"[611, 61, 651, 111]"
2026-04-22 11:17:25,644,[수도권제2순환선(봉담동탄)] 필봉산터널(동탄),168,0.48,0,0,0.54,"[535, 64, 575, 115]"
2026-04-22 11:17:25,644,[수도권제2순환선(봉담동탄)] 필봉산터널(동탄),169,3.47,0,0,0.16,"[457, 109, 511, 184]"
2026-04-22 11:17:29,682,[수도권제2순환선(봉담동탄)] 필봉산터널(동탄),27,1.19,2,2,54.7,"[522, 113, 584, 168]"
2026-04-22 11:17:29,682,[수도권제2순환선(봉담동탄)] 필봉산터널(동탄),164,0.0,2,2,6.96,"[87, 32, 535, 428]"
2026-04-22 11:17:29,682,[수도권제2순환선(봉담동탄)] 필봉산터널(동탄),162,0.06,2,2,4.38,"[575, 95, 615, 138]"
2026-04-22 11:17:29,682,[수도권제2순환선(봉담동탄)] 필봉산터널(동탄),168,0.5,0,0,2.47,"[549, 57, 591, 111]"
2026-04-22 11:17:29,682,[수도권제2순환선(봉담동탄)] 필봉산터널(동탄),137,2.15,0,0,1.68,"[519, 77, 562, 120]"
2026-04-22 11:17:29,682,[수도권제2순환선(봉담동탄)] 필봉산터널(동탄),169,0.91,2,2,0.55,"[479, 101, 532, 173]"
2026-04-22 11:17:29,682,[수도권제2순환선(봉담동탄)] 필봉산터널(동탄),183,0.0,2,2,0.07,"[466, 94, 531, 176]"
2026-04-22 11:17:29,682,[수도권제2순환선(봉담동탄)] 필봉산터널(동탄),184,0.0,0,0,0.0,"[24, 203, 222, 328]"
2026-04-22 11:17:32,710,[수도권제2순환선(봉담동탄)] 필봉산터널(동탄),27,0.92,2,2,57.07,"[529, 107, 590, 162]"
2026-04-22 11:17:32,710,[수도권제2순환선(봉담동탄)] 필봉산터널(동탄),164,0.0,2,2,9.33,"[210, 31, 538, 395]"
2026-04-22 11:17:32,710,[수도권제2순환선(봉담동탄)] 필봉산터널(동탄),162,0.21,2,2,6.76,"[577, 93, 619, 136]"
2026-04-22 11:17:32,710,[수도권제2순환선(봉담동탄)] 필봉산터널(동탄),137,2.16,0,0,4.06,"[534, 80, 579, 119]"
2026-04-22 11:17:35,748,[수도권제2순환선(봉담동탄)] 필봉산터널(동탄),201,0.0,2,2,2.25,"[161, 229, 458, 425]"
2026-04-22 11:17:35,748,[수도권제2순환선(봉담동탄)] 필봉산터널(동탄),183,0.6,2,2,2.32,"[516, 44, 609, 185]"
2026-04-22 11:17:35,748,[수도권제2순환선(봉담동탄)] 필봉산터널(동탄),204,1.81,2,2,0.49,"[412, 114, 532, 258]"
2026-04-22 11:17:38,785,[수도권제2순환선(봉담동탄)] 필봉산터널(동탄),201,3.86,1,1,5.32,"[311, 190, 491, 330]"
2026-04-22 11:17:38,785,[수도권제2순환선(봉담동탄)] 필봉산터널(동탄),183,0.76,2,2,5.39,"[542, 44, 614, 170]"
2026-04-22 11:17:38,785,[수도권제2순환선(봉담동탄)] 필봉산터널(동탄),164,2.06,2,2,0.63,"[456, 59, 554, 223]"
2026-04-22 11:17:38,785,[수도권제2순환선(봉담동탄)] 필봉산터널(동탄),204,1.58,2,2,0.38,"[457, 109, 551, 225]"
2026-04-22 11:17:41,827,[수도권제2순환선(봉담동탄)] 필봉산터널(동탄),183,1.6,2,2,8.87,"[578, 43, 630, 136]"
2026-04-22 11:17:41,827,[수도권제2순환선(봉담동탄)] 필봉산터널(동탄),211,0.0,1,1,1.29,"[15, 62, 425, 430]"
2026-04-22 11:17:41,827,[수도권제2순환선(봉담동탄)] 필봉산터널(동탄),212,2.07,2,2,1.29,"[536, 57, 593, 166]"
2026-04-22 11:17:41,827,[수도권제2순환선(봉담동탄)] 필봉산터널(동탄),204,1.48,2,2,1.37,"[482, 135, 567, 208]"
2026-04-22 11:17:41,827,[수도권제2순환선(봉담동탄)] 필봉산터널(동탄),214,0.0,2,2,0.08,"[479, 61, 589, 208]"
2026-04-22 11:17:41,827,[수도권제2순환선(봉담동탄)] 필봉산터널(동탄),213,6.11,2,2,0.08,"[529, 46, 620, 166]"
2026-04-22 11:17:45,869,[수도권제2순환선(봉담동탄)] 필봉산터널(동탄),183,0.45,2,2,12.32,"[585, 43, 634, 127]"
2026-04-22 11:17:45,869,[수도권제2순환선(봉담동탄)] 필봉산터널(동탄),211,0.0,1,1,4.74,"[4, 53, 507, 434]"
2026-04-22 11:17:45,869,[수도권제2순환선(봉담동탄)] 필봉산터널(동탄),212,0.76,2,2,4.74,"[552, 62, 604, 157]"
2026-04-22 11:17:45,869,[수도권제2순환선(봉담동탄)] 필봉산터널(동탄),204,0.61,2,2,4.82,"[508, 123, 590, 189]"
2026-04-22 11:17:45,869,[수도권제2순환선(봉담동탄)] 필봉산터널(동탄),214,1.47,2,2,0.16,"[508, 63, 601, 188]"
2026-04-22 11:17:45,869,[수도권제2순환선(봉담동탄)] 필봉산터널(동탄),213,3.96,0,0,0.16,"[536, 48, 584, 112]"
2026-04-22 11:17:48,905,[수도권제2순환선(봉담동탄)] 필봉산터널(동탄),183,2.23,2,2,15.36,"[599, 46, 635, 110]"
2026-04-22 11:17:48,905,[수도권제2순환선(봉담동탄)] 필봉산터널(동탄),232,2.74,1,1,0.31,"[315, 132, 489, 321]"
2026-04-22 11:17:48,905,[수도권제2순환선(봉담동탄)] 필봉산터널(동탄),233,1.84,0,0,0.31,"[485, 86, 530, 135]"
2026-04-22 11:17:48,905,[수도권제2순환선(봉담동탄)] 필봉산터널(동탄),234,0.0,2,2,0.31,"[595, 87, 625, 122]"
2026-04-22 11:17:48,905,[수도권제2순환선(봉담동탄)] 필봉산터널(동탄),218,2.19,2,2,0.39,"[607, 44, 648, 105]"
2026-04-22 11:17:48,905,[수도권제2순환선(봉담동탄)] 필봉산터널(동탄),215,2.79,2,2,0.39,"[511, 57, 600, 180]"
2026-04-22 11:17:51,943,[수도권제2순환선(봉담동탄)] 필봉산터널(동탄),232,3.4,2,2,3.4,"[408, 110, 528, 255]"
2026-04-22 11:17:51,943,[수도권제2순환선(봉담동탄)] 필봉산터널(동탄),218,0.01,2,2,3.48,"[606, 42, 653, 104]"
2026-04-22 11:17:51,943,[수도권제2순환선(봉담동탄)] 필봉산터널(동탄),215,2.65,2,2,3.48,"[538, 56, 606, 156]"
2026-04-22 11:17:51,943,[수도권제2순환선(봉담동탄)] 필봉산터널(동탄),246,6.65,0,0,1.89,"[168, 174, 343, 271]"
2026-04-22 11:17:51,943,[수도권제2순환선(봉담동탄)] 필봉산터널(동탄),253,0.0,1,1,0.63,"[156, 272, 350, 431]"
2026-04-22 11:17:51,943,[수도권제2순환선(봉담동탄)] 필봉산터널(동탄),233,3.81,0,0,0.09,"[507, 80, 552, 126]"
2026-04-22 11:17:51,943,[수도권제2순환선(봉담동탄)] 필봉산터널(동탄),255,0.0,0,0,0.0,"[440, 110, 521, 171]"
2026-04-22 11:17:54,980,[수도권제2순환선(봉담동탄)] 필봉산터널(동탄),232,2.34,2,2,6.39,"[468, 94, 559, 210]"
2026-04-22 11:17:54,980,[수도권제2순환선(봉담동탄)] 필봉산터널(동탄),215,4.89,2,2,6.47,"[557, 54, 615, 142]"
2026-04-22 11:17:54,980,[수도권제2순환선(봉담동탄)] 필봉산터널(동탄),246,3.33,0,0,4.89,"[357, 122, 467, 199]"
2026-04-22 11:17:54,980,[수도권제2순환선(봉담동탄)] 필봉산터널(동탄),242,0.0,1,1,2.38,"[43, 168, 444, 441]"
2026-04-22 11:17:57,1017,[수도권제2순환선(봉담동탄)] 필봉산터널(동탄),215,2.18,2,2,9.52,"[561, 81, 608, 149]"
2026-04-22 11:17:57,1017,[수도권제2순환선(봉담동탄)] 필봉산터널(동탄),246,1.45,0,0,7.93,"[446, 82, 517, 149]"
2026-04-22 11:17:57,1017,[수도권제2순환선(봉담동탄)] 필봉산터널(동탄),279,2.49,2,2,2.07,"[445, 139, 535, 232]"
2026-04-22 11:17:57,1017,[수도권제2순환선(봉담동탄)] 필봉산터널(동탄),280,0.0,2,2,2.07,"[104, 231, 475, 441]"
2026-04-22 11:17:57,1017,[수도권제2순환선(봉담동탄)] 필봉산터널(동탄),281,0.08,2,2,2.07,"[600, 82, 630, 115]"
2026-04-22 11:17:57,1017,[수도권제2순환선(봉담동탄)] 필봉산터널(동탄),282,0.0,0,0,2.07,"[527, 76, 572, 121]"
2026-04-22 11:17:57,1017,[수도권제2순환선(봉담동탄)] 필봉산터널(동탄),293,0.0,0,0,0.17,"[13, 150, 119, 375]"
2026-04-22 11:17:57,1017,[수도권제2순환선(봉담동탄)] 필봉산터널(동탄),284,4.04,2,2,0.0,"[604, 42, 650, 109]"
2026-04-22 11:18:00,1054,[수도권제2순환선(봉담동탄)] 필봉산터널(동탄),215,1.65,2,2,12.55,"[577, 77, 619, 137]"
2026-04-22 11:18:00,1054,[수도권제2순환선(봉담동탄)] 필봉산터널(동탄),246,0.81,0,0,10.97,"[485, 79, 540, 131]"
2026-04-22 11:18:00,1054,[수도권제2순환선(봉담동탄)] 필봉산터널(동탄),279,2.43,2,2,5.1,"[487, 122, 560, 199]"
2026-04-22 11:18:00,1054,[수도권제2순환선(봉담동탄)] 필봉산터널(동탄),280,5.59,2,2,5.1,"[316, 179, 511, 344]"
2026-04-22 11:18:00,1054,[수도권제2순환선(봉담동탄)] 필봉산터널(동탄),282,0.44,0,0,5.1,"[542, 75, 582, 116]"
2026-04-22 11:18:00,1054,[수도권제2순환선(봉담동탄)] 필봉산터널(동탄),293,8.44,0,0,3.2,"[209, 101, 375, 249]"
2026-04-22 11:18:00,1054,[수도권제2순환선(봉담동탄)] 필봉산터널(동탄),278,2.02,2,2,2.95,"[608, 42, 651, 96]"
2026-04-22 11:18:00,1054,[수도권제2순환선(봉담동탄)] 필봉산터널(동탄),281,0.52,2,2,0.22,"[608, 81, 632, 108]"
2026-04-22 11:18:03,1072,[수도권제2순환선(봉담동탄)] 필봉산터널(동탄),215,1.53,2,2,15.64,"[581, 74, 624, 131]"
2026-04-22 11:18:03,1072,[수도권제2순환선(봉담동탄)] 필봉산터널(동탄),246,2.45,0,0,14.05,"[495, 77, 550, 124]"
2026-04-22 11:18:03,1072,[수도권제2순환선(봉담동탄)] 필봉산터널(동탄),279,1.53,2,2,8.19,"[502, 120, 568, 189]"
2026-04-22 11:18:03,1072,[수도권제2순환선(봉담동탄)] 필봉산터널(동탄),280,3.49,2,2,8.19,"[374, 164, 533, 304]"
2026-04-22 11:18:03,1072,[수도권제2순환선(봉담동탄)] 필봉산터널(동탄),282,0.27,0,0,8.19,"[546, 73, 586, 113]"
2026-04-22 11:18:03,1072,[수도권제2순환선(봉담동탄)] 필봉산터널(동탄),293,4.84,0,0,6.29,"[300, 92, 431, 213]"
2026-04-22 11:18:03,1072,[수도권제2순환선(봉담동탄)] 필봉산터널(동탄),278,0.77,2,2,6.04,"[611, 43, 654, 93]"
2026-04-22 11:18:06,1118,[수도권제2순환선(봉담동탄)] 필봉산터널(동탄),279,2.1,2,2,11.19,"[529, 112, 598, 171]"
2026-04-22 11:18:06,1118,[수도권제2순환선(봉담동탄)] 필봉산터널(동탄),280,2.42,2,2,11.19,"[416, 95, 537, 252]"
2026-04-22 11:18:06,1118,[수도권제2순환선(봉담동탄)] 필봉산터널(동탄),295,0.0,1,1,2.94,"[236, 223, 438, 390]"
2026-04-22 11:18:06,1118,[수도권제2순환선(봉담동탄)] 필봉산터널(동탄),299,0.35,2,2,2.17,"[606, 44, 643, 110]"
2026-04-22 11:18:06,1118,[수도권제2순환선(봉담동탄)] 필봉산터널(동탄),282,2.33,2,2,0.31,"[610, 60, 647, 111]"
2026-04-22 11:18:09,1154,[수도권제2순환선(봉담동탄)] 필봉산터널(동탄),279,0.48,2,2,14.25,"[554, 104, 612, 158]"
2026-04-22 11:18:09,1154,[수도권제2순환선(봉담동탄)] 필봉산터널(동탄),280,2.65,2,2,14.25,"[469, 78, 562, 212]"
2026-04-22 11:18:09,1154,[수도권제2순환선(봉담동탄)] 필봉산터널(동탄),295,4.36,1,1,6.0,"[370, 179, 494, 292]"
2026-04-22 11:18:09,1154,[수도권제2순환선(봉담동탄)] 필봉산터널(동탄),299,1.36,2,2,5.23,"[608, 44, 642, 97]"
2026-04-22 11:18:09,1154,[수도권제2순환선(봉담동탄)] 필봉산터널(동탄),324,2.04,2,2,1.17,"[568, 80, 621, 128]"
2026-04-22 11:18:09,1154,[수도권제2순환선(봉담동탄)] 필봉산터널(동탄),330,0.0,1,1,0.93,"[22, 337, 249, 471]"
2026-04-22 11:18:12,18,[수원광명선] 수원 구봉산터널,1,2.45,,,1.06,"[377, 157, 434, 210]"
2026-04-22 11:18:12,18,[수원광명선] 수원 구봉산터널,2,0.49,,,1.06,"[507, 146, 537, 178]"
2026-04-22 11:18:15,57,[수원광명선] 수원 구봉산터널,1,0.74,,,4.08,"[433, 148, 474, 185]"
2026-04-22 11:18:15,57,[수원광명선] 수원 구봉산터널,2,1.01,,,4.08,"[521, 139, 545, 166]"
2026-04-22 11:18:15,57,[수원광명선] 수원 구봉산터널,9,12.62,,,2.03,"[303, 243, 436, 346]"
2026-04-22 11:18:15,57,[수원광명선] 수원 구봉산터널,10,11.03,,,1.6,"[153, 232, 269, 320]"
2026-04-22 11:18:18,92,[수원광명선] 수원 구봉산터널,9,4.78,,,5.06,"[432, 188, 493, 244]"
2026-04-22 11:18:18,92,[수원광명선] 수원 구봉산터널,10,3.99,,,4.64,"[331, 184, 399, 233]"
2026-04-22 11:18:21,123,[수원광명선] 수원 구봉산터널,9,2.47,1,1,8.1,"[476, 168, 518, 209]"
2026-04-22 11:18:21,123,[수원광명선] 수원 구봉산터널,10,2.53,0,0,7.67,"[397, 160, 447, 201]"
2026-04-22 11:18:21,123,[수원광명선] 수원 구봉산터널,20,0.0,1,1,0.55,"[0, 279, 306, 479]"
2026-04-22 11:18:25,163,[수원광명선] 수원 구봉산터널,9,1.32,1,1,11.39,"[503, 152, 535, 186]"
2026-04-22 11:18:25,163,[수원광명선] 수원 구봉산터널,10,1.71,0,0,10.96,"[445, 148, 481, 178]"
2026-04-22 11:18:25,163,[수원광명선] 수원 구봉산터널,20,6.45,1,1,3.84,"[374, 181, 464, 290]"
2026-04-22 11:18:25,163,[수원광명선] 수원 구봉산터널,22,7.0,0,0,2.79,"[210, 201, 318, 284]"
2026-04-22 11:18:28,199,[수원광명선] 수원 구봉산터널,20,3.2,1,1,6.92,"[455, 182, 499, 225]"
2026-04-22 11:18:28,199,[수원광명선] 수원 구봉산터널,22,2.91,0,0,5.88,"[346, 169, 409, 222]"
2026-04-22 11:18:28,199,[수원광명선] 수원 구봉산터널,25,0.0,0,0,0.82,"[48, 235, 138, 391]"
2026-04-22 11:18:28,199,[수원광명선] 수원 구봉산터널,10,4.1,0,0,0.0,"[470, 139, 504, 168]"
2026-04-22 11:18:31,225,[수원광명선] 수원 구봉산터널,20,2.34,1,1,9.85,"[477, 152, 522, 201]"
2026-04-22 11:18:31,225,[수원광명선] 수원 구봉산터널,22,2.3,0,0,8.81,"[398, 156, 445, 199]"
2026-04-22 11:18:31,225,[수원광명선] 수원 구봉산터널,25,6.84,0,0,3.75,"[222, 189, 330, 280]"
2026-04-22 11:18:34,252,[수원광명선] 수원 구봉산터널,20,2.34,1,1,13.36,"[497, 144, 530, 185]"
2026-04-22 11:18:34,252,[수원광명선] 수원 구봉산터널,22,0.79,0,0,12.32,"[428, 147, 468, 184]"
2026-04-22 11:18:34,252,[수원광명선] 수원 구봉산터널,25,3.56,0,0,7.26,"[333, 168, 403, 230]"
2026-04-22 11:18:34,252,[수원광명선] 수원 구봉산터널,32,0.0,1,1,2.57,"[234, 263, 415, 384]"
2026-04-22 11:18:37,283,[수원광명선] 수원 구봉산터널,22,1.14,0,0,15.6,"[455, 142, 489, 173]"
2026-04-22 11:18:37,283,[수원광명선] 수원 구봉산터널,25,1.13,0,0,10.54,"[398, 153, 449, 202]"
2026-04-22 11:18:37,283,[수원광명선] 수원 구봉산터널,32,5.34,1,1,5.85,"[390, 202, 465, 271]"
2026-04-22 11:18:41,320,[수원광명선] 수원 구봉산터널,32,2.72,1,1,9.15,"[452, 176, 498, 219]"
2026-04-22 11:18:41,320,[수원광명선] 수원 구봉산터널,22,0.86,0,0,2.44,"[473, 132, 506, 163]"
2026-04-22 11:18:44,359,[수원광명선] 수원 구봉산터널,32,1.79,1,1,12.48,"[482, 158, 519, 192]"
2026-04-22 11:18:44,359,[수원광명선] 수원 구봉산터널,35,7.77,0,0,2.09,"[149, 239, 277, 332]"
2026-04-22 11:18:44,359,[수원광명선] 수원 구봉산터널,36,0.0,1,1,0.25,"[3, 360, 273, 478]"
2026-04-22 11:18:47,397,[수원광명선] 수원 구봉산터널,36,7.73,1,1,3.52,"[313, 169, 446, 336]"
2026-04-22 11:18:47,397,[수원광명선] 수원 구봉산터널,38,2.79,1,1,3.09,"[456, 183, 503, 227]"
2026-04-22 11:18:47,397,[수원광명선] 수원 구봉산터널,39,3.49,0,0,3.09,"[446, 144, 477, 175]"
2026-04-22 11:18:47,397,[수원광명선] 수원 구봉산터널,46,0.0,0,0,0.99,"[45, 172, 170, 438]"
2026-04-22 11:18:47,397,[수원광명선] 수원 구봉산터널,32,0.95,1,1,0.16,"[502, 150, 534, 183]"
2026-04-22 11:18:50,437,[수원광명선] 수원 구봉산터널,36,3.97,1,1,6.88,"[432, 154, 489, 241]"
2026-04-22 11:18:50,437,[수원광명선] 수원 구봉산터널,38,1.83,1,1,6.45,"[485, 150, 530, 197]"
2026-04-22 11:18:50,437,[수원광명선] 수원 구봉산터널,46,4.16,0,0,4.35,"[284, 145, 388, 257]"
2026-04-22 11:18:54,476,[수원광명선] 수원 구봉산터널,36,2.11,1,1,10.15,"[462, 171, 505, 211]"
2026-04-22 11:18:54,476,[수원광명선] 수원 구봉산터널,46,1.55,0,0,7.62,"[412, 150, 459, 193]"
2026-04-22 11:18:54,476,[수원광명선] 수원 구봉산터널,48,4.59,0,0,2.03,"[290, 144, 380, 251]"
2026-04-22 11:18:54,476,[수원광명선] 수원 구봉산터널,49,4.21,1,1,0.08,"[516, 127, 541, 166]"
2026-04-22 11:18:57,516,[수원광명선] 수원 구봉산터널,36,1.44,1,1,13.48,"[491, 156, 523, 187]"
2026-04-22 11:18:57,516,[수원광명선] 수원 구봉산터널,46,0.56,0,0,10.95,"[450, 144, 486, 176]"
2026-04-22 11:18:57,516,[수원광명선] 수원 구봉산터널,60,8.8,0,0,1.88,"[142, 176, 265, 315]"
2026-04-22 11:18:57,516,[수원광명선] 수원 구봉산터널,48,2.63,0,0,1.04,"[398, 154, 442, 202]"
2026-04-22 11:18:57,516,[수원광명선] 수원 구봉산터널,63,20.0,1,1,0.17,"[328, 219, 440, 334]"
2026-04-22 11:19:00,552,[수원광명선] 수원 구봉산터널,72,6.42,1,1,0.88,"[369, 228, 453, 302]"
2026-04-22 11:19:00,552,[수원광명선] 수원 구봉산터널,73,2.12,0,0,0.88,"[390, 168, 437, 211]"
2026-04-22 11:19:00,552,[수원광명선] 수원 구봉산터널,74,1.98,1,1,0.88,"[480, 128, 522, 202]"
2026-04-22 11:19:00,552,[수원광명선] 수원 구봉산터널,76,0.0,0,0,0.4,"[28, 293, 94, 437]"
2026-04-22 11:19:00,552,[수원광명선] 수원 구봉산터널,75,2.75,0,0,0.16,"[424, 158, 461, 192]"
2026-04-22 11:19:03,589,[수원광명선] 수원 구봉산터널,72,3.96,1,1,3.92,"[445, 190, 500, 241]"
2026-04-22 11:19:03,589,[수원광명선] 수원 구봉산터널,73,1.2,0,0,3.92,"[436, 153, 474, 187]"
2026-04-22 11:19:03,589,[수원광명선] 수원 구봉산터널,74,2.82,1,1,3.92,"[499, 130, 534, 183]"
2026-04-22 11:19:03,589,[수원광명선] 수원 구봉산터널,76,6.34,0,0,3.44,"[240, 205, 334, 270]"
2026-04-22 11:19:03,589,[수원광명선] 수원 구봉산터널,77,0.0,1,1,1.62,"[157, 291, 432, 434]"
2026-04-22 11:19:07,621,[수원광명선] 수원 구봉산터널,72,2.2,1,1,6.95,"[478, 173, 519, 210]"
2026-04-22 11:19:07,621,[수원광명선] 수원 구봉산터널,73,0.23,0,0,6.95,"[458, 145, 495, 176]"
2026-04-22 11:19:07,621,[수원광명선] 수원 구봉산터널,74,1.25,1,1,6.95,"[508, 117, 543, 175]"
2026-04-22 11:19:07,621,[수원광명선] 수원 구봉산터널,76,4.05,0,0,6.47,"[345, 173, 407, 221]"
2026-04-22 11:19:07,621,[수원광명선] 수원 구봉산터널,77,5.23,1,1,4.65,"[367, 221, 454, 294]"
2026-04-22 11:19:07,621,[수원광명선] 수원 구봉산터널,82,0.0,0,0,1.15,"[43, 272, 139, 390]"
2026-04-22 11:19:10,662,[수원광명선] 수원 구봉산터널,72,0.78,1,1,10.19,"[501, 135, 535, 190]"
2026-04-22 11:19:10,662,[수원광명선] 수원 구봉산터널,76,3.47,0,0,9.71,"[414, 150, 461, 194]"
2026-04-22 11:19:10,662,[수원광명선] 수원 구봉산터널,77,2.98,1,1,7.89,"[432, 173, 490, 237]"
2026-04-22 11:19:10,662,[수원광명선] 수원 구봉산터널,83,8.88,0,0,1.73,"[122, 221, 254, 338]"
2026-04-22 11:19:13,705,[수원광명선] 수원 구봉산터널,72,0.49,1,1,13.65,"[513, 133, 543, 175]"
2026-04-22 11:19:13,705,[수원광명선] 수원 구봉산터널,76,1.35,0,0,13.17,"[456, 145, 488, 176]"
2026-04-22 11:19:13,705,[수원광명선] 수원 구봉산터널,77,1.27,1,1,11.35,"[474, 155, 513, 203]"
2026-04-22 11:19:13,705,[수원광명선] 수원 구봉산터널,90,7.93,1,1,1.44,"[315, 172, 433, 332]"
2026-04-22 11:19:16,744,[수원광명선] 수원 구봉산터널,90,3.05,1,1,4.71,"[443, 154, 508, 230]"
2026-04-22 11:19:16,744,[수원광명선] 수원 구봉산터널,93,5.16,0,0,1.85,"[262, 195, 355, 264]"
2026-04-22 11:19:16,744,[수원광명선] 수원 구봉산터널,94,8.64,1,1,1.46,"[329, 231, 443, 328]"
2026-04-22 11:19:20,783,[수원광명선] 수원 구봉산터널,93,2.01,0,0,4.96,"[373, 157, 432, 210]"
2026-04-22 11:19:20,783,[수원광명선] 수원 구봉산터널,94,3.6,1,1,4.57,"[432, 184, 488, 239]"
2026-04-22 11:19:20,783,[수원광명선] 수원 구봉산터널,98,0.0,0,0,0.93,"[54, 241, 159, 385]"
2026-04-22 11:19:20,783,[수원광명선] 수원 구봉산터널,90,1.26,1,1,0.57,"[474, 152, 528, 202]"
2026-04-22 11:19:23,825,[수원광명선] 수원 구봉산터널,90,3.48,1,1,3.97,"[483, 126, 534, 194]"
2026-04-22 11:19:23,825,[수원광명선] 수원 구봉산터널,105,7.5,1,1,1.05,"[329, 120, 477, 316]"
2026-04-22 11:19:23,825,[수원광명선] 수원 구봉산터널,107,0.0,0,0,0.72,"[44, 258, 123, 412]"
2026-04-22 11:19:26,866,[수원광명선] 수원 구봉산터널,90,0.45,1,1,7.21,"[504, 121, 544, 176]"
2026-04-22 11:19:26,866,[수원광명선] 수원 구봉산터널,105,3.8,1,1,4.28,"[431, 123, 508, 233]"
2026-04-22 11:19:26,866,[수원광명선] 수원 구봉산터널,107,6.5,0,0,3.95,"[284, 188, 365, 252]"
2026-04-22 11:19:26,866,[수원광명선] 수원 구봉산터널,108,0.0,1,1,1.44,"[50, 198, 352, 431]"
2026-04-22 11:19:29,902,[수원광명선] 수원 구봉산터널,105,3.19,1,1,7.29,"[496, 134, 531, 186]"
2026-04-22 11:19:29,902,[수원광명선] 수원 구봉산터널,111,5.49,1,1,2.84,"[345, 181, 453, 336]"
2026-04-22 11:19:29,902,[수원광명선] 수원 구봉산터널,114,0.0,0,0,0.68,"[25, 298, 99, 457]"
2026-04-22 11:19:29,902,[수원광명선] 수원 구봉산터널,118,0.0,0,0,0.18,"[466, 136, 500, 167]"
2026-04-22 11:19:29,902,[수원광명선] 수원 구봉산터널,119,0.0,1,1,0.09,"[514, 116, 549, 174]"
2026-04-22 11:19:32,940,[수원광명선] 수원 구봉산터널,105,1.99,1,1,10.35,"[507, 114, 546, 176]"
2026-04-22 11:19:32,940,[수원광명선] 수원 구봉산터널,111,4.0,1,1,5.9,"[445, 159, 495, 245]"
2026-04-22 11:19:32,940,[수원광명선] 수원 구봉산터널,114,5.16,0,0,3.74,"[254, 202, 349, 268]"
2026-04-22 11:19:32,940,[수원광명선] 수원 구봉산터널,118,1.16,0,0,3.24,"[483, 135, 512, 160]"
2026-04-22 11:19:32,940,[수원광명선] 수원 구봉산터널,128,0.0,1,1,0.71,"[71, 320, 383, 457]"
2026-04-22 11:19:35,978,[수원광명선] 수원 구봉산터널,105,1.22,1,1,13.48,"[521, 120, 553, 164]"
2026-04-22 11:19:35,978,[수원광명선] 수원 구봉산터널,111,1.58,1,1,9.02,"[483, 140, 520, 209]"
2026-04-22 11:19:35,978,[수원광명선] 수원 구봉산터널,114,3.34,0,0,6.86,"[369, 168, 426, 213]"
2026-04-22 11:19:35,978,[수원광명선] 수원 구봉산터널,128,6.7,1,1,3.83,"[373, 218, 452, 296]"
2026-04-22 11:19:35,978,[수원광명선] 수원 구봉산터널,129,8.62,0,0,1.73,"[136, 229, 254, 326]"
2026-04-22 11:19:38,1005,[수원광명선] 수원 구봉산터널,111,1.07,1,1,12.06,"[502, 146, 531, 182]"
2026-04-22 11:19:38,1005,[수원광명선] 수원 구봉산터널,132,19.24,1,1,1.09,"[252, 166, 466, 370]"
2026-04-22 11:19:38,1005,[수원광명선] 수원 구봉산터널,133,1.95,0,0,1.09,"[443, 147, 480, 178]"
2026-04-22 11:19:38,1005,[수원광명선] 수원 구봉산터널,136,0.0,0,0,0.97,"[43, 265, 158, 388]"
2026-04-22 11:19:38,1005,[수원광명선] 수원 구봉산터널,105,0.11,1,1,0.24,"[524, 128, 552, 167]"
2026-04-22 11:19:41,1041,[수원광명선] 수원 구봉산터널,132,4.21,1,1,4.07,"[418, 152, 490, 250]"
2026-04-22 11:19:41,1041,[수원광명선] 수원 구봉산터널,136,4.66,0,0,3.96,"[280, 195, 370, 257]"
2026-04-22 11:19:41,1041,[수원광명선] 수원 구봉산터널,105,3.21,1,1,0.08,"[533, 127, 556, 158]"
2026-04-22 11:19:45,1081,[수원광명선] 수원 구봉산터널,132,2.17,1,1,7.39,"[469, 147, 514, 211]"
2026-04-22 11:19:45,1081,[수원광명선] 수원 구봉산터널,136,2.16,0,0,7.27,"[378, 167, 434, 211]"
2026-04-22 11:19:45,1081,[수원광명선] 수원 구봉산터널,143,12.12,1,1,2.63,"[274, 215, 447, 386]"
2026-04-22 11:19:45,1081,[수원광명선] 수원 구봉산터널,145,0.0,0,0,0.0,"[435, 148, 473, 181]"
2026-04-22 11:19:48,1117,[수원광명선] 수원 구봉산터널,132,2.14,1,1,10.44,"[493, 135, 529, 189]"
2026-04-22 11:19:48,1117,[수원광명선] 수원 구봉산터널,143,5.25,1,1,5.69,"[433, 149, 502, 253]"
2026-04-22 11:19:48,1117,[수원광명선] 수원 구봉산터널,147,7.26,0,0,2.78,"[223, 203, 317, 276]"
2026-04-22 11:19:51,1154,[수원광명선] 수원 구봉산터널,143,2.31,1,1,8.74,"[483, 145, 521, 209]"
2026-04-22 11:19:51,1154,[수원광명선] 수원 구봉산터널,147,3.19,0,0,5.84,"[361, 168, 416, 214]"
2026-04-22 11:19:51,1154,[수원광명선] 수원 구봉산터널,148,8.76,0,0,2.19,"[184, 209, 305, 307]"
2026-04-22 11:19:54,1193,[수원광명선] 수원 구봉산터널,143,1.44,1,1,12.11,"[507, 120, 544, 182]"
2026-04-22 11:19:54,1193,[수원광명선] 수원 구봉산터널,153,1.27,0,0,1.9,"[281, 129, 403, 237]"
2026-04-22 11:19:54,1193,[수원광명선] 수원 구봉산터널,154,9.9,1,1,1.9,"[292, 210, 450, 351]"
2026-04-22 11:19:54,1193,[수원광명선] 수원 구봉산터널,155,2.81,1,1,1.9,"[474, 162, 512, 205]"
2026-04-22 11:19:54,1193,[수원광명선] 수원 구봉산터널,147,2.49,0,0,1.9,"[418, 157, 460, 193]"
2026-04-22 11:19:57,1229,[수원광명선] 수원 구봉산터널,154,4.27,1,1,4.92,"[425, 177, 490, 250]"
2026-04-22 11:19:57,1229,[수원광명선] 수원 구봉산터널,163,11.77,0,0,2.61,"[73, 128, 287, 351]"
2026-04-22 11:19:57,1229,[수원광명선] 수원 구봉산터널,169,1.82,0,0,0.34,"[382, 159, 433, 203]"
2026-04-22 11:19:57,1229,[수원광명선] 수원 구봉산터널,155,1.86,1,1,0.34,"[494, 145, 525, 187]"
2026-04-22 11:19:57,1229,[수원광명선] 수원 구봉산터널,143,1.57,1,1,0.0,"[512, 120, 549, 170]"
2026-04-22 11:19:57,1229,[수원광명선] 수원 구봉산터널,147,1.09,0,0,0.0,"[452, 147, 487, 177]"
2026-04-22 11:20:00,1262,[수원광명선] 수원 구봉산터널,182,1.44,1,1,0.2,"[401, 181, 464, 260]"
2026-04-22 11:20:00,1262,[수원광명선] 수원 구봉산터널,147,1.88,0,0,0.31,"[455, 146, 491, 176]"
2026-04-22 11:20:03,1302,[수원광명선] 수원 구봉산터널,182,2.27,1,1,3.4,"[460, 155, 502, 211]"
2026-04-22 11:20:03,1302,[수원광명선] 수원 구봉산터널,194,0.0,1,1,1.42,"[47, 212, 316, 452]"
2026-04-22 11:20:03,1302,[수원광명선] 수원 구봉산터널,147,3.14,0,0,0.55,"[476, 121, 510, 159]"
2026-04-22 11:20:07,1339,[수원광명선] 수원 구봉산터널,182,1.41,1,1,6.39,"[488, 144, 519, 188]"
2026-04-22 11:20:07,1339,[수원광명선] 수원 구봉산터널,194,7.82,1,1,4.41,"[370, 173, 462, 297]"
2026-04-22 11:20:07,1339,[수원광명선] 수원 구봉산터널,204,3.85,0,0,0.43,"[327, 170, 399, 235]"
2026-04-22 11:20:10,1372,[수원광명선] 수원 구봉산터널,213,2.08,1,1,1.17,"[473, 143, 511, 206]"
2026-04-22 11:20:10,1372,[수원광명선] 수원 구봉산터널,220,2.43,0,0,0.21,"[425, 147, 479, 190]"
2026-04-22 11:20:10,1372,[수원광명선] 수원 구봉산터널,223,0.0,1,1,0.05,"[227, 191, 433, 382]"
2026-04-22 11:20:13,1419,[수원광명선] 수원 구봉산터널,213,1.42,1,1,4.21,"[500, 135, 531, 184]"
2026-04-22 11:20:13,1419,[수원광명선] 수원 구봉산터널,223,3.54,1,1,3.09,"[430, 154, 493, 244]"
2026-04-22 11:20:13,1419,[수원광명선] 수원 구봉산터널,232,3.52,0,0,1.34,"[392, 156, 444, 202]"
2026-04-22 11:20:13,1419,[수원광명선] 수원 구봉산터널,233,0.0,0,0,0.66,"[51, 256, 137, 384]"
2026-04-22 11:20:13,1419,[수원광명선] 수원 구봉산터널,214,1.67,1,1,0.07,"[535, 119, 557, 153]"
2026-04-22 11:20:16,1465,[수원광명선] 수원 구봉산터널,213,0.59,1,1,7.44,"[520, 132, 547, 166]"
2026-04-22 11:20:16,1465,[수원광명선] 수원 구봉산터널,232,1.86,0,0,4.57,"[452, 146, 484, 175]"
2026-04-22 11:20:16,1465,[수원광명선] 수원 구봉산터널,233,4.14,0,0,3.89,"[327, 185, 399, 243]"
2026-04-22 11:20:16,1465,[수원광명선] 수원 구봉산터널,234,1.57,1,1,1.72,"[458, 173, 503, 217]"
2026-04-22 11:20:16,1465,[수원광명선] 수원 구봉산터널,235,1.81,0,0,0.07,"[489, 132, 516, 158]"
2026-04-22 11:20:19,1509,[수원광명선] 수원 구봉산터널,213,0.57,1,1,10.47,"[531, 128, 555, 157]"
2026-04-22 11:20:19,1509,[수원광명선] 수원 구봉산터널,233,2.16,0,0,6.92,"[419, 158, 464, 198]"
2026-04-22 11:20:19,1509,[수원광명선] 수원 구봉산터널,234,1.28,1,1,4.74,"[494, 157, 524, 188]"
2026-04-22 11:20:19,1509,[수원광명선] 수원 구봉산터널,237,5.85,0,0,2.73,"[260, 201, 349, 263]"
2026-04-22 11:20:19,1509,[수원광명선] 수원 구봉산터널,238,7.99,1,1,2.2,"[329, 243, 445, 328]"
2026-04-22 11:20:22,1553,[수원광명선] 수원 구봉산터널,241,0.0,1,1,1.52,"[28, 99, 421, 443]"
2026-04-22 11:20:22,1553,[수원광명선] 수원 구봉산터널,242,1.04,0,0,1.52,"[434, 109, 493, 180]"
2026-04-22 11:20:22,1553,[수원광명선] 수원 구봉산터널,253,0.0,1,1,0.0,"[518, 138, 543, 165]"
2026-04-22 11:20:25,1604,[수원광명선] 수원 구봉산터널,241,5.23,1,1,4.94,"[382, 108, 514, 276]"
2026-04-22 11:20:25,1604,[수원광명선] 수원 구봉산터널,254,4.63,0,0,3.2,"[311, 186, 390, 244]"
2026-04-22 11:20:25,1604,[수원광명선] 수원 구봉산터널,260,0.0,1,1,0.13,"[41, 353, 381, 476]"
2026-04-22 11:20:29,1650,[수원광명선] 수원 구봉산터널,260,7.16,1,1,3.49,"[360, 220, 454, 306]"
2026-04-22 11:20:29,1650,[수원광명선] 수원 구봉산터널,262,4.14,0,0,2.09,"[316, 183, 387, 240]"
2026-04-22 11:20:29,1650,[수원광명선] 수원 구봉산터널,263,0.86,1,1,2.09,"[509, 116, 549, 176]"
2026-04-22 11:20:29,1650,[수원광명선] 수원 구봉산터널,264,1.77,1,1,2.09,"[490, 163, 525, 197]"
2026-04-22 11:20:32,1694,[수원광명선] 수원 구봉산터널,260,3.58,1,1,6.52,"[453, 179, 502, 225]"
2026-04-22 11:20:32,1694,[수원광명선] 수원 구봉산터널,262,1.98,0,0,5.13,"[404, 156, 450, 198]"
2026-04-22 11:20:32,1694,[수원광명선] 수원 구봉산터널,263,0.39,1,1,5.13,"[519, 111, 554, 165]"
2026-04-22 11:20:32,1694,[수원광명선] 수원 구봉산터널,264,1.16,1,1,5.13,"[507, 153, 536, 180]"
2026-04-22 11:20:32,1694,[수원광명선] 수원 구봉산터널,279,8.39,0,0,2.06,"[205, 213, 309, 292]"
2026-04-22 11:20:32,1694,[수원광명선] 수원 구봉산터널,280,0.0,1,1,0.91,"[106, 307, 426, 445]"
2026-04-22 11:20:35,1733,[수원광명선] 수원 구봉산터널,260,0.74,1,1,9.55,"[492, 148, 527, 188]"
2026-04-22 11:20:35,1733,[수원광명선] 수원 구봉산터널,283,4.0,1,1,1.8,"[444, 163, 499, 232]"
2026-04-22 11:20:35,1733,[수원광명선] 수원 구봉산터널,287,0.0,0,0,0.81,"[38, 258, 129, 401]"
2026-04-22 11:20:35,1733,[수원광명선] 수원 구봉산터널,284,1.68,0,0,0.28,"[466, 142, 497, 169]"
2026-04-22 11:20:38,1772,[수원광명선] 수원 구봉산터널,287,4.84,0,0,3.86,"[265, 187, 355, 254]"
2026-04-22 11:20:38,1772,[수원광명선] 수원 구봉산터널,289,9.58,1,1,2.06,"[255, 254, 422, 373]"
2026-04-22 11:20:38,1772,[수원광명선] 수원 구봉산터널,283,1.53,1,1,0.77,"[478, 145, 522, 201]"
2026-04-22 11:20:41,1809,[수원광명선] 수원 구봉산터널,289,3.86,1,1,5.05,"[427, 176, 490, 242]"
2026-04-22 11:20:41,1809,[수원광명선] 수원 구봉산터널,283,0.96,1,1,0.76,"[499, 151, 529, 184]"
2026-04-22 11:20:41,1809,[수원광명선] 수원 구봉산터널,294,5.65,0,0,0.59,"[245, 206, 345, 273]"
2026-04-22 11:20:41,1809,[수원광명선] 수원 구봉산터널,295,2.03,0,0,0.59,"[413, 152, 454, 190]"
2026-04-22 11:20:44,1846,[수원광명선] 수원 구봉산터널,289,3.3,1,1,8.1,"[471, 153, 513, 204]"
2026-04-22 11:20:44,1846,[수원광명선] 수원 구봉산터널,283,1.62,1,1,3.8,"[515, 144, 542, 171]"
2026-04-22 11:20:44,1846,[수원광명선] 수원 구봉산터널,294,3.46,0,0,3.64,"[369, 169, 427, 215]"
2026-04-22 11:20:44,1846,[수원광명선] 수원 구봉산터널,297,8.18,1,1,2.81,"[334, 230, 434, 315]"
2026-04-22 11:20:44,1846,[수원광명선] 수원 구봉산터널,304,0.0,0,0,0.15,"[12, 315, 81, 454]"
